<?xml version="1.0" encoding="UTF-8"?>
<!DOCTYPE suite SYSTEM "https://testng.org/testng-1.0.dtd">
<suite name="Suite">
  <test thread-count="5" name="Test">
	  
	  <groups>
		  <run>
			  
			  <include name="sanity.*"></include>
			   <exclude name="smoke"></exclude>
			    <exclude name="regression"></exclude>
		  </run>
		  
		  </groups>
			  
	  
	  
    <classes>
      <class name="TestNgPractice.TestNgGroups"/>
      <class name="TestNgPractice.TestNgGroups2"/>
    </classes>
  </test> <!-- Test -->
</suite> <!-- Suite -->
