<?xml version="1.0" encoding="UTF-8"?>
<!DOCTYPE suite SYSTEM "https://testng.org/testng-1.0.dtd">
<suite name="Suite">
	
	<parameter name="a" value="60"></parameter>
	<parameter name="b" value="40"></parameter>
	<parameter name="c" value="30"></parameter>
	
  <test thread-count="5" name="Test">
    <classes>
      <class name="TestNgPractice.TestNgParameters"/>
      <class name="TestNgPractice.TestNgParameters2"/>
       <class name="TestNgPractice.TestNgDisabled"/>
     
      
      
    </classes>
  </test> <!-- Test -->
</suite> <!-- Suite -->